{
    "release": {
        "id": "acs2020_5yr",
        "years": "2016-2020",
        "name": "ACS 2020 5-year"
    },
    "tables": {
        "B16008": {
            "title": "Citizenship Status by Age by Language Spoken at Home and Ability to Speak English for the Population 5 Years and Over",
            "universe": "Population 5 Years and Over",
            "denominator_column_id": "B16008001",
            "columns": {
                "B16008001": {
                    "name": "Total:",
                    "indent": 0
                },
                "B16008002": {
                    "name": "Native population:",
                    "indent": 1
                },
                "B16008003": {
                    "name": "5 to 17 years:",
                    "indent": 2
                },
                "B16008004": {
                    "name": "Speak only English",
                    "indent": 3
                },
                "B16008005": {
                    "name": "Speak Spanish:",
                    "indent": 3
                },
                "B16008006": {
                    "name": "Speak English \"very well\"",
                    "indent": 4
                },
                "B16008007": {
                    "name": "Speak English less than \"very well\"",
                    "indent": 4
                },
                "B16008008": {
                    "name": "Speak other languages:",
                    "indent": 3
                },
                "B16008009": {
                    "name": "Speak English \"very well\"",
                    "indent": 4
                },
                "B16008010": {
                    "name": "Speak English less than \"very well\"",
                    "indent": 4
                },
                "B16008011": {
                    "name": "18 years and over:",
                    "indent": 2
                },
                "B16008012": {
                    "name": "Speak only English",
                    "indent": 3
                },
                "B16008013": {
                    "name": "Speak Spanish:",
                    "indent": 3
                },
                "B16008014": {
                    "name": "Speak English \"very well\"",
                    "indent": 4
                },
                "B16008015": {
                    "name": "Speak English less than \"very well\"",
                    "indent": 4
                },
                "B16008016": {
                    "name": "Speak other languages:",
                    "indent": 3
                },
                "B16008017": {
                    "name": "Speak English \"very well\"",
                    "indent": 4
                },
                "B16008018": {
                    "name": "Speak English less than \"very well\"",
                    "indent": 4
                },
                "B16008019": {
                    "name": "Foreign-born population:",
                    "indent": 1
                },
                "B16008020": {
                    "name": "Naturalized U.S. citizen:",
                    "indent": 2
                },
                "B16008021": {
                    "name": "5 to 17 years:",
                    "indent": 3
                },
                "B16008022": {
                    "name": "Speak only English",
                    "indent": 4
                },
                "B16008023": {
                    "name": "Speak Spanish:",
                    "indent": 4
                },
                "B16008024": {
                    "name": "Speak English \"very well\"",
                    "indent": 5
                },
                "B16008025": {
                    "name": "Speak English less than \"very well\"",
                    "indent": 5
                },
                "B16008026": {
                    "name": "Speak other languages:",
                    "indent": 4
                },
                "B16008027": {
                    "name": "Speak English \"very well\"",
                    "indent": 5
                },
                "B16008028": {
                    "name": "Speak English less than \"very well\"",
                    "indent": 5
                },
                "B16008029": {
                    "name": "18 years and over:",
                    "indent": 3
                },
                "B16008030": {
                    "name": "Speak only English",
                    "indent": 4
                },
                "B16008031": {
                    "name": "Speak Spanish:",
                    "indent": 4
                },
                "B16008032": {
                    "name": "Speak English \"very well\"",
                    "indent": 5
                },
                "B16008033": {
                    "name": "Speak English less than \"very well\"",
                    "indent": 5
                },
                "B16008034": {
                    "name": "Speak other languages:",
                    "indent": 4
                },
                "B16008035": {
                    "name": "Speak English \"very well\"",
                    "indent": 5
                },
                "B16008036": {
                    "name": "Speak English less than \"very well\"",
                    "indent": 5
                },
                "B16008037": {
                    "name": "Not a U.S. citizen:",
                    "indent": 2
                },
                "B16008038": {
                    "name": "5 to 17 years:",
                    "indent": 3
                },
                "B16008039": {
                    "name": "Speak only English",
                    "indent": 4
                },
                "B16008040": {
                    "name": "Speak Spanish:",
                    "indent": 4
                },
                "B16008041": {
                    "name": "Speak English \"very well\"",
                    "indent": 5
                },
                "B16008042": {
                    "name": "Speak English less than \"very well\"",
                    "indent": 5
                },
                "B16008043": {
                    "name": "Speak other languages:",
                    "indent": 4
                },
                "B16008044": {
                    "name": "Speak English \"very well\"",
                    "indent": 5
                },
                "B16008045": {
                    "name": "Speak English less than \"very well\"",
                    "indent": 5
                },
                "B16008046": {
                    "name": "18 years and over:",
                    "indent": 3
                },
                "B16008047": {
                    "name": "Speak only English",
                    "indent": 4
                },
                "B16008048": {
                    "name": "Speak Spanish:",
                    "indent": 4
                },
                "B16008049": {
                    "name": "Speak English \"very well\"",
                    "indent": 5
                },
                "B16008050": {
                    "name": "Speak English less than \"very well\"",
                    "indent": 5
                },
                "B16008051": {
                    "name": "Speak other languages:",
                    "indent": 4
                },
                "B16008052": {
                    "name": "Speak English \"very well\"",
                    "indent": 5
                },
                "B16008053": {
                    "name": "Speak English less than \"very well\"",
                    "indent": 5
                }
            }
        }
    }
}