{
    "release": {
        "id": "acs2020_5yr",
        "years": "2016-2020",
        "name": "ACS 2020 5-year"
    },
    "tables": {
        "B16009": {
            "title": "Poverty Status in the Past 12 Months by Age by Language Spoken at Home for the Population 5 Years and Over",
            "universe": "Population 5 Years and Over for Whom Poverty Status Is Determined",
            "denominator_column_id": "B16009001",
            "columns": {
                "B16009001": {
                    "name": "Total:",
                    "indent": 0
                },
                "B16009002": {
                    "name": "Income in the past 12 months below poverty level:",
                    "indent": 1
                },
                "B16009003": {
                    "name": "5 to 17 years:",
                    "indent": 2
                },
                "B16009004": {
                    "name": "Speak only English",
                    "indent": 3
                },
                "B16009005": {
                    "name": "Speak Spanish",
                    "indent": 3
                },
                "B16009006": {
                    "name": "Speak other Indo-European languages",
                    "indent": 3
                },
                "B16009007": {
                    "name": "Speak Asian and Pacific Island languages",
                    "indent": 3
                },
                "B16009008": {
                    "name": "Speak other languages",
                    "indent": 3
                },
                "B16009009": {
                    "name": "18 years and over:",
                    "indent": 2
                },
                "B16009010": {
                    "name": "Speak only English",
                    "indent": 3
                },
                "B16009011": {
                    "name": "Speak Spanish",
                    "indent": 3
                },
                "B16009012": {
                    "name": "Speak other Indo-European languages",
                    "indent": 3
                },
                "B16009013": {
                    "name": "Speak Asian and Pacific Island languages",
                    "indent": 3
                },
                "B16009014": {
                    "name": "Speak other languages",
                    "indent": 3
                },
                "B16009015": {
                    "name": "Income in the past 12 months at or above poverty level:",
                    "indent": 1
                },
                "B16009016": {
                    "name": "5 to 17 years:",
                    "indent": 2
                },
                "B16009017": {
                    "name": "Speak only English",
                    "indent": 3
                },
                "B16009018": {
                    "name": "Speak Spanish",
                    "indent": 3
                },
                "B16009019": {
                    "name": "Speak other Indo-European languages",
                    "indent": 3
                },
                "B16009020": {
                    "name": "Speak Asian and Pacific Island languages",
                    "indent": 3
                },
                "B16009021": {
                    "name": "Speak other languages",
                    "indent": 3
                },
                "B16009022": {
                    "name": "18 years and over:",
                    "indent": 2
                },
                "B16009023": {
                    "name": "Speak only English",
                    "indent": 3
                },
                "B16009024": {
                    "name": "Speak Spanish",
                    "indent": 3
                },
                "B16009025": {
                    "name": "Speak other Indo-European languages",
                    "indent": 3
                },
                "B16009026": {
                    "name": "Speak Asian and Pacific Island languages",
                    "indent": 3
                },
                "B16009027": {
                    "name": "Speak other languages",
                    "indent": 3
                }
            }
        }
    }
}